product_name,product_url
[장희령 Pick] 파넬 시카마누 세럼쿠션 15g 2종 택 1,https://www.oliveyoung.co.kr/store/goods/getGoodsDetail.do?goodsNo=A000000173747&dispCatNo=1000001000200010009&trackingCd&curation&egcode&rccode&egrankcode
[단독기획/단품] 정샘물 스킨 누더 커버 레이어 쿠션 기획(리필1ea+톤업선 10ml+물크림 15ml),https://www.oliveyoung.co.kr/store/goods/getGoodsDetail.do?goodsNo=A000000173705&dispCatNo=1000001000200010009&trackingCd&curation&egcode&rccode&egrankcode
[단독기획/단품] 정샘물 에센셜 스킨 누더 쿠션 기획 (리필1ea+톤업선 10ml+물크림 15ml),https://www.oliveyoung.co.kr/store/goods/getGoodsDetail.do?goodsNo=A000000173704&dispCatNo=1000001000200010009&trackingCd&curation&egcode&rccode&egrankcode
[메종키츠네 콜라보] 라네즈 네오 쿠션 매트 콜라보 기획 (본품+리필+키링 굿즈),https://www.oliveyoung.co.kr/store/goods/getGoodsDetail.do?goodsNo=A000000173647&dispCatNo=1000001000200010009&trackingCd&curation&egcode&rccode&egrankcode
[조효진PICK] NEW 클리오 킬커버 더뉴 파운웨어 쿠션 기획(본품+리필),https://www.oliveyoung.co.kr/store/goods/getGoodsDetail.do?goodsNo=A000000171835&dispCatNo=1000001000200010009&trackingCd&curation&egcode&rccode&egrankcode
[올리브영 단독증정 기획] AHC 퍼펙트 크림 커버 쿠션 기획,https://www.oliveyoung.co.kr/store/goods/getGoodsDetail.do?goodsNo=A000000171504&dispCatNo=1000001000200010009&trackingCd&curation&egcode&rccode&egrankcode
네이밍 레이어드 핏 쿠션12g SPF50+ PA+++ (4 color),https://www.oliveyoung.co.kr/store/goods/getGoodsDetail.do?goodsNo=A000000171351&dispCatNo=1000001000200010009&trackingCd&curation&egcode&rccode&egrankcode
[씬님 PICK] 단독기획 디어달리아 쉬어 실크 쿠션 스페셜 기획세트 (본품+리필),https://www.oliveyoung.co.kr/store/goods/getGoodsDetail.do?goodsNo=A000000171264&dispCatNo=1000001000200010009&trackingCd&curation&egcode&rccode&egrankcode
[NEW] 퓌 쿠션 스웨이드 15g / 4color,https://www.oliveyoung.co.kr/store/goods/getGoodsDetail.do?goodsNo=A000000170988&dispCatNo=1000001000200010009&trackingCd&curation&egcode&rccode&egrankcode
[NEW] 퓌 쿠션 글래스 15g / 5color,https://www.oliveyoung.co.kr/store/goods/getGoodsDetail.do?goodsNo=A000000170985&dispCatNo=1000001000200010009&trackingCd&curation&egcode&rccode&egrankcode
[단독기획] 정샘물 에센셜 스킨 누더 롱웨어 쿠션 기획세트 (본품+리필+파우더 6.5g 증정),https://www.oliveyoung.co.kr/store/goods/getGoodsDetail.do?goodsNo=A000000170495&dispCatNo=1000001000200010009&trackingCd&curation&egcode&rccode&egrankcode
[단독]비레디 마그네틱피팅 쿠션 본품+리필 기획,https://www.oliveyoung.co.kr/store/goods/getGoodsDetail.do?goodsNo=A000000170457&dispCatNo=1000001000200010009&trackingCd&curation&egcode&rccode&egrankcode
[NEW] 웨이크메이크 워터벨벳 비건 쿠션(본품+리필2+퍼프2),https://www.oliveyoung.co.kr/store/goods/getGoodsDetail.do?goodsNo=A000000170456&dispCatNo=1000001000200010009&trackingCd&curation&egcode&rccode&egrankcode
클리오 비건웨어 헬시글로우 쿠션 기획세트(리필+퍼프3P증정기획),https://www.oliveyoung.co.kr/store/goods/getGoodsDetail.do?goodsNo=A000000170328&dispCatNo=1000001000200010009&trackingCd&curation&egcode&rccode&egrankcode
[첫구매딜] 비레디 마그네틱 피팅 쿠션 3호 제프리 15g,https://www.oliveyoung.co.kr/store/goods/getGoodsDetail.do?goodsNo=A000000170004&dispCatNo=1000001000200010009&trackingCd&curation&egcode&rccode&egrankcode
[첫구매딜] 비레디 마그네틱 피팅 쿠션 2호 라이언 15g,https://www.oliveyoung.co.kr/store/goods/getGoodsDetail.do?goodsNo=A000000170002&dispCatNo=1000001000200010009&trackingCd&curation&egcode&rccode&egrankcode
[장희령 Pick] 파넬 글래시얼 바이옴 노세범 쿠션 10g,https://www.oliveyoung.co.kr/store/goods/getGoodsDetail.do?goodsNo=A000000169082&dispCatNo=1000001000200010009&trackingCd&curation&egcode&rccode&egrankcode
[NEW]에스쁘아 커먼누드 톤업/코렉팅 쿠션 2종(본품+리필 증정),https://www.oliveyoung.co.kr/store/goods/getGoodsDetail.do?goodsNo=A000000168571&dispCatNo=1000001000200010009&trackingCd&curation&egcode&rccode&egrankcode
[NEW] 비레디 마그네틱 피팅 쿠션(리필) 15g,https://www.oliveyoung.co.kr/store/goods/getGoodsDetail.do?goodsNo=A000000167433&dispCatNo=1000001000200010009&trackingCd&curation&egcode&rccode&egrankcode
비레디 마그네틱 피팅 쿠션 15g (본품/리필 택1),https://www.oliveyoung.co.kr/store/goods/getGoodsDetail.do?goodsNo=A000000167431&dispCatNo=1000001000200010009&trackingCd&curation&egcode&rccode&egrankcode
[한정수량/올영단독] 어뮤즈 메타 픽싱 비건 쿠션 리필 기획세트 (본품+리필+핑크 스퀘어 미러),https://www.oliveyoung.co.kr/store/goods/getGoodsDetail.do?goodsNo=A000000166977&dispCatNo=1000001000200010009&trackingCd&curation&egcode&rccode&egrankcode
데이지크 에어 블러핏 쿠션+리필 기획 4종 택 1,https://www.oliveyoung.co.kr/store/goods/getGoodsDetail.do?goodsNo=A000000166872&dispCatNo=1000001000200010009&trackingCd&curation&egcode&rccode&egrankcode
[단독기획] 정샘물 스킨 누더 쿠션 기획 (페어라이트/라이트),https://www.oliveyoung.co.kr/store/goods/getGoodsDetail.do?goodsNo=A000000165571&dispCatNo=1000001000200010009&trackingCd&curation&egcode&rccode&egrankcode
롬앤 누 제로 쿠션 (미니쿠션 기획),https://www.oliveyoung.co.kr/store/goods/getGoodsDetail.do?goodsNo=A000000164072&dispCatNo=1000001000200010009&trackingCd&curation&egcode&rccode&egrankcode
[NEW] 코스노리 비건 블라썸 톤업 쿠션 클리어 (본품14g+리필14g),https://www.oliveyoung.co.kr/store/goods/getGoodsDetail.do?goodsNo=A000000163881&dispCatNo=1000001000200010009&trackingCd&curation&egcode&rccode&egrankcode
에이프릴스킨 히어로 쿠션 (리필 증정),https://www.oliveyoung.co.kr/store/goods/getGoodsDetail.do?goodsNo=A000000163765&dispCatNo=1000001000200010009&trackingCd&curation&egcode&rccode&egrankcode
정샘물 스킨 누더 커버 레이어 쿠션(단품/한정기획),https://www.oliveyoung.co.kr/store/goods/getGoodsDetail.do?goodsNo=A000000163378&dispCatNo=1000001000200010009&trackingCd&curation&egcode&rccode&egrankcode
블랙몬스터 더블쿠션,https://www.oliveyoung.co.kr/store/goods/getGoodsDetail.do?goodsNo=A000000162858&dispCatNo=1000001000200010009&trackingCd&curation&egcode&rccode&egrankcode
[사나 Pick] 웨이크메이크 비건 클린 순수 커버 쿠션(12g*2개입) [컬러 추가],https://www.oliveyoung.co.kr/store/goods/getGoodsDetail.do?goodsNo=A000000162841&dispCatNo=1000001000200010009&trackingCd&curation&egcode&rccode&egrankcode
[NEW] 코스노리 비건 판테놀 베리어 쿠션,https://www.oliveyoung.co.kr/store/goods/getGoodsDetail.do?goodsNo=A000000162753&dispCatNo=1000001000200010009&trackingCd&curation&egcode&rccode&egrankcode
삐아 네버 다이 쿠션 3종+퍼프2매 증정,https://www.oliveyoung.co.kr/store/goods/getGoodsDetail.do?goodsNo=A000000162677&dispCatNo=1000001000200010009&trackingCd&curation&egcode&rccode&egrankcode
[단독기획] 클리오 킬커버진정쿠션 기획세트 (본품+리필+파우치증정),https://www.oliveyoung.co.kr/store/goods/getGoodsDetail.do?goodsNo=A000000162507&dispCatNo=1000001000200010009&trackingCd&curation&egcode&rccode&egrankcode
[미연PICK/단독기획]에스쁘아 프로테일러 비벨벳 커버쿠션(최초 리필 2입 기획/본품+리필+리필),https://www.oliveyoung.co.kr/store/goods/getGoodsDetail.do?goodsNo=A000000162177&dispCatNo=1000001000200010009&trackingCd&curation&egcode&rccode&egrankcode
컬러그램 로지 톤업 선쿠션,https://www.oliveyoung.co.kr/store/goods/getGoodsDetail.do?goodsNo=A000000162105&dispCatNo=1000001000200010009&trackingCd&curation&egcode&rccode&egrankcode
블랙몬스터 더블쿠션 엠버 베이지 25호,https://www.oliveyoung.co.kr/store/goods/getGoodsDetail.do?goodsNo=A000000161756&dispCatNo=1000001000200010009&trackingCd&curation&egcode&rccode&egrankcode
[한정수량/올영단독] 어뮤즈 듀 젤리 비건 쿠션 리필 기획세트 (본품+리필+핑크 스퀘어 미러),https://www.oliveyoung.co.kr/store/goods/getGoodsDetail.do?goodsNo=A000000161728&dispCatNo=1000001000200010009&trackingCd&curation&egcode&rccode&egrankcode
나인위시스 하이드라 앰플 쿠션 플러스 2종 택1 (본품+리필 증정),https://www.oliveyoung.co.kr/store/goods/getGoodsDetail.do?goodsNo=A000000161514&dispCatNo=1000001000200010009&trackingCd&curation&egcode&rccode&egrankcode
글린트 스킨글라스 쿠션 13g,https://www.oliveyoung.co.kr/store/goods/getGoodsDetail.do?goodsNo=A000000161208&dispCatNo=1000001000200010009&trackingCd&curation&egcode&rccode&egrankcode
[이제훈 Pick] 오브제 퍼펙트 옴므 쿠션 15g (SPF50+PA++++),https://www.oliveyoung.co.kr/store/goods/getGoodsDetail.do?goodsNo=A000000161006&dispCatNo=1000001000200010009&trackingCd&curation&egcode&rccode&egrankcode
밀크터치 롱 래스팅 매트 커버 쿠션,https://www.oliveyoung.co.kr/store/goods/getGoodsDetail.do?goodsNo=A000000160459&dispCatNo=1000001000200010009&trackingCd&curation&egcode&rccode&egrankcode
밀크터치 파인드 더 리얼 커버 쿠션,https://www.oliveyoung.co.kr/store/goods/getGoodsDetail.do?goodsNo=A000000160443&dispCatNo=1000001000200010009&trackingCd&curation&egcode&rccode&egrankcode
밀크터치 롱 래스팅 벨벳 광채 쿠션,https://www.oliveyoung.co.kr/store/goods/getGoodsDetail.do?goodsNo=A000000160440&dispCatNo=1000001000200010009&trackingCd&curation&egcode&rccode&egrankcode
[슬기 Pick] 어뮤즈 스킨 튠 비건 커버 쿠션 (핑크 스퀘어 미러 증정),https://www.oliveyoung.co.kr/store/goods/getGoodsDetail.do?goodsNo=A000000158321&dispCatNo=1000001000200010009&trackingCd&curation&egcode&rccode&egrankcode
클리오 비건웨어 히알루론세럼 쿠션 기획 (본품+리필 증정),https://www.oliveyoung.co.kr/store/goods/getGoodsDetail.do?goodsNo=A000000158238&dispCatNo=1000001000200010009&trackingCd&curation&egcode&rccode&egrankcode
클리오 비건웨어 세라마이드벨벳 쿠션 (본품+리필 증정),https://www.oliveyoung.co.kr/store/goods/getGoodsDetail.do?goodsNo=A000000158233&dispCatNo=1000001000200010009&trackingCd&curation&egcode&rccode&egrankcode
MAC 스튜디오 퍼펙트 쿠션 SPF50/PA++++,https://www.oliveyoung.co.kr/store/goods/getGoodsDetail.do?goodsNo=A000000157288&dispCatNo=1000001000200010009&trackingCd&curation&egcode&rccode&egrankcode
MAC 스튜디오 픽스 쿠션,https://www.oliveyoung.co.kr/store/goods/getGoodsDetail.do?goodsNo=A000000157137&dispCatNo=1000001000200010009&trackingCd&curation&egcode&rccode&egrankcode
블리블리 초유 쿠션,https://www.oliveyoung.co.kr/store/goods/getGoodsDetail.do?goodsNo=A000000156519&dispCatNo=1000001000200010009&trackingCd&curation&egcode&rccode&egrankcode
[강태리 Pick] 씰리 찹찹쿠션 (본품+리필 증정),https://www.oliveyoung.co.kr/store/goods/getGoodsDetail.do?goodsNo=A000000156509&dispCatNo=1000001000200010009&trackingCd&curation&egcode&rccode&egrankcode
[단독기획] 투쿨포스쿨 픽싱 글로우 쿠션 (본품+리필+퍼프2매),https://www.oliveyoung.co.kr/store/goods/getGoodsDetail.do?goodsNo=A000000156317&dispCatNo=1000001000200010009&trackingCd&curation&egcode&rccode&egrankcode
블리블리 아우라 꿀광 쿠션,https://www.oliveyoung.co.kr/store/goods/getGoodsDetail.do?goodsNo=A000000156314&dispCatNo=1000001000200010009&trackingCd&curation&egcode&rccode&egrankcode
블리블리 아우라 광채 쿠션,https://www.oliveyoung.co.kr/store/goods/getGoodsDetail.do?goodsNo=A000000156313&dispCatNo=1000001000200010009&trackingCd&curation&egcode&rccode&egrankcode
라네즈 네오 쿠션 글로우 15g 4colors (퍼프2입 증정),https://www.oliveyoung.co.kr/store/goods/getGoodsDetail.do?goodsNo=A000000156110&dispCatNo=1000001000200010009&trackingCd&curation&egcode&rccode&egrankcode
클리오 킬커버 밀착광채 쿠션 기획,https://www.oliveyoung.co.kr/store/goods/getGoodsDetail.do?goodsNo=A000000156036&dispCatNo=1000001000200010009&trackingCd&curation&egcode&rccode&egrankcode
[단독기획] 더샘 트루핏 픽서쿠션 (본품+리필 증정),https://www.oliveyoung.co.kr/store/goods/getGoodsDetail.do?goodsNo=A000000155980&dispCatNo=1000001000200010009&trackingCd&curation&egcode&rccode&egrankcode
슈어베이스 누디 스테디 쿠션 13ml (세미매트),https://www.oliveyoung.co.kr/store/goods/getGoodsDetail.do?goodsNo=A000000155848&dispCatNo=1000001000200010009&trackingCd&curation&egcode&rccode&egrankcode
슈어베이스 글래드 글로우 쿠션 13ml (광채),https://www.oliveyoung.co.kr/store/goods/getGoodsDetail.do?goodsNo=A000000155847&dispCatNo=1000001000200010009&trackingCd&curation&egcode&rccode&egrankcode
에이프릴스킨 초슬림 쿠션 (본품+리필 증정),https://www.oliveyoung.co.kr/store/goods/getGoodsDetail.do?goodsNo=A000000155614&dispCatNo=1000001000200010009&trackingCd&curation&egcode&rccode&egrankcode
에이프릴스킨 매직스노우 픽싱 쿠션 (본품+리필 증정),https://www.oliveyoung.co.kr/store/goods/getGoodsDetail.do?goodsNo=A000000155612&dispCatNo=1000001000200010009&trackingCd&curation&egcode&rccode&egrankcode
에스쁘아 프로테일러 비글로우 쿠션 올뉴(본품+리필),https://www.oliveyoung.co.kr/store/goods/getGoodsDetail.do?goodsNo=A000000155343&dispCatNo=1000001000200010009&trackingCd&curation&egcode&rccode&egrankcode
[단독기획] 정샘물 에센셜 스킨 누더 롱웨어 쿠션 (본품+리필+파우더 6.5g 증정),https://www.oliveyoung.co.kr/store/goods/getGoodsDetail.do?goodsNo=A000000155233&dispCatNo=1000001000200010009&trackingCd&curation&egcode&rccode&egrankcode
[리필] 헤라 블랙 쿠션 15g / 6 color,https://www.oliveyoung.co.kr/store/goods/getGoodsDetail.do?goodsNo=A000000154865&dispCatNo=1000001000200010009&trackingCd&curation&egcode&rccode&egrankcode
더랩바이블랑두 저분자 히알루론산 헬씨 크림 쿠션 기획(본품+리필 증정),https://www.oliveyoung.co.kr/store/goods/getGoodsDetail.do?goodsNo=A000000154853&dispCatNo=1000001000200010009&trackingCd&curation&egcode&rccode&egrankcode
[NEW] 블랑풀 실키 커버 쿠션 13g,https://www.oliveyoung.co.kr/store/goods/getGoodsDetail.do?goodsNo=A000000153491&dispCatNo=1000001000200010009&trackingCd&curation&egcode&rccode&egrankcode
바이오힐보 비타민 토닝 광채 커버 쿠션 (본품+리필1ea 증정),https://www.oliveyoung.co.kr/store/goods/getGoodsDetail.do?goodsNo=A000000153330&dispCatNo=1000001000200010009&trackingCd&curation&egcode&rccode&egrankcode
아이디얼포맨 블레미시커버비비쿠션 (어두운피부용),https://www.oliveyoung.co.kr/store/goods/getGoodsDetail.do?goodsNo=A000000152783&dispCatNo=1000001000200010009&trackingCd&curation&egcode&rccode&egrankcode
아이디얼포맨 블레미시커버비비쿠션 (보통피부용),https://www.oliveyoung.co.kr/store/goods/getGoodsDetail.do?goodsNo=A000000152780&dispCatNo=1000001000200010009&trackingCd&curation&egcode&rccode&egrankcode
코드글로컬러 픽스온 쿠션 (본품12g+리필 12g+프라이머 10ml 증정),https://www.oliveyoung.co.kr/store/goods/getGoodsDetail.do?goodsNo=A000000152603&dispCatNo=1000001000200010009&trackingCd&curation&egcode&rccode&egrankcode
바이오힐보 프로바이오덤 탄력 커버 쿠션 (본품+리필1ea 증정),https://www.oliveyoung.co.kr/store/goods/getGoodsDetail.do?goodsNo=A000000152386&dispCatNo=1000001000200010009&trackingCd&curation&egcode&rccode&egrankcode
바비브라운 인텐시브 스킨 세럼 쿠션 파운데이션 SPF 40 PA++++,https://www.oliveyoung.co.kr/store/goods/getGoodsDetail.do?goodsNo=A000000151375&dispCatNo=1000001000200010009&trackingCd&curation&egcode&rccode&egrankcode
[단독기획] 자빈드서울 윙크 파운데이션 팩트 15g (본품+퍼프2개 증정),https://www.oliveyoung.co.kr/store/goods/getGoodsDetail.do?goodsNo=A000000151192&dispCatNo=1000001000200010009&trackingCd&curation&egcode&rccode&egrankcode
[제니 PICK] 헤라 블랙 쿠션 (본품 15g +리필 15g) / 11 color,https://www.oliveyoung.co.kr/store/goods/getGoodsDetail.do?goodsNo=A000000149846&dispCatNo=1000001000200010009&trackingCd&curation&egcode&rccode&egrankcode
루나 롱래스팅 컨실픽싱 쿠션 (리필증정),https://www.oliveyoung.co.kr/store/goods/getGoodsDetail.do?goodsNo=A000000149712&dispCatNo=1000001000200010009&trackingCd&curation&egcode&rccode&egrankcode
에스쁘아 프로테일러 비파우더 쿠션 기획세트,https://www.oliveyoung.co.kr/store/goods/getGoodsDetail.do?goodsNo=A000000149537&dispCatNo=1000001000200010009&trackingCd&curation&egcode&rccode&egrankcode
라네즈 네오 쿠션 매트 15g 5colors,https://www.oliveyoung.co.kr/store/goods/getGoodsDetail.do?goodsNo=A000000149383&dispCatNo=1000001000200010009&trackingCd&curation&egcode&rccode&egrankcode
차앤박 프로폴리스 앰플 인 래디언트 쿠션 15g (리필포함),https://www.oliveyoung.co.kr/store/goods/getGoodsDetail.do?goodsNo=A000000149321&dispCatNo=1000001000200010009&trackingCd&curation&egcode&rccode&egrankcode
투페이스드 본라이크디스 쿠션 SPF 50+ / PA++++,https://www.oliveyoung.co.kr/store/goods/getGoodsDetail.do?goodsNo=A000000149198&dispCatNo=1000001000200010009&trackingCd&curation&egcode&rccode&egrankcode
지베르니 밀착 커버 쿠션 기획 (본품 + 리필),https://www.oliveyoung.co.kr/store/goods/getGoodsDetail.do?goodsNo=A000000148705&dispCatNo=1000001000200010009&trackingCd&curation&egcode&rccode&egrankcode
듀이셀 슈퍼플쿠션,https://www.oliveyoung.co.kr/store/goods/getGoodsDetail.do?goodsNo=A000000148680&dispCatNo=1000001000200010009&trackingCd&curation&egcode&rccode&egrankcode
에스쁘아 프로테일러 비파우더 쿠션(본품+리필),https://www.oliveyoung.co.kr/store/goods/getGoodsDetail.do?goodsNo=A000000148610&dispCatNo=1000001000200010009&trackingCd&curation&egcode&rccode&egrankcode
[단독기획] 클리오 킬커버 파운웨어 쿠션 올뉴 기획 (본품+리필+스펀지증정),https://www.oliveyoung.co.kr/store/goods/getGoodsDetail.do?goodsNo=A000000148429&dispCatNo=1000001000200010009&trackingCd&curation&egcode&rccode&egrankcode
스킨푸드 로열 허니 프로폴리스 에센스 쿠션,https://www.oliveyoung.co.kr/store/goods/getGoodsDetail.do?goodsNo=A000000146108&dispCatNo=1000001000200010009&trackingCd&curation&egcode&rccode&egrankcode
[단독기획] 자빈드서울 블룸 파운데이션 팩트 15g (본품+퍼프2개 증정),https://www.oliveyoung.co.kr/store/goods/getGoodsDetail.do?goodsNo=A000000145345&dispCatNo=1000001000200010009&trackingCd&curation&egcode&rccode&egrankcode
롬앤 클리어 커버 쿠션,https://www.oliveyoung.co.kr/store/goods/getGoodsDetail.do?goodsNo=A000000144890&dispCatNo=1000001000200010009&trackingCd&curation&egcode&rccode&egrankcode
코스알엑스 풀핏 프로폴리스 앰플 쿠션 (본품+리필 증정),https://www.oliveyoung.co.kr/store/goods/getGoodsDetail.do?goodsNo=A000000144530&dispCatNo=1000001000200010009&trackingCd&curation&egcode&rccode&egrankcode
바닐라코 커버리셔스 파워 핏 롱웨어 쿠션 14g(+리필 14g 증정),https://www.oliveyoung.co.kr/store/goods/getGoodsDetail.do?goodsNo=A000000143871&dispCatNo=1000001000200010009&trackingCd&curation&egcode&rccode&egrankcode
정샘물 스킨 세팅 톤업 선 쿠션 (본품+리필 증정),https://www.oliveyoung.co.kr/store/goods/getGoodsDetail.do?goodsNo=A000000143870&dispCatNo=1000001000200010009&trackingCd&curation&egcode&rccode&egrankcode
헤라 글로우 래스팅 쿠션 6 color (본품 15g+리필 15g),https://www.oliveyoung.co.kr/store/goods/getGoodsDetail.do?goodsNo=A000000143497&dispCatNo=1000001000200010009&trackingCd&curation&egcode&rccode&egrankcode
다슈 맨즈 아쿠아 매트 비비쿠션 (본품+리필),https://www.oliveyoung.co.kr/store/goods/getGoodsDetail.do?goodsNo=A000000143170&dispCatNo=1000001000200010009&trackingCd&curation&egcode&rccode&egrankcode
다슈 맨즈 아쿠아 매트 비비 쿠션 (리필용),https://www.oliveyoung.co.kr/store/goods/getGoodsDetail.do?goodsNo=A000000143169&dispCatNo=1000001000200010009&trackingCd&curation&egcode&rccode&egrankcode
클리오 킬커버 픽서쿠션 (본품+리필 증정),https://www.oliveyoung.co.kr/store/goods/getGoodsDetail.do?goodsNo=A000000142842&dispCatNo=1000001000200010009&trackingCd&curation&egcode&rccode&egrankcode
헤지스맨 룰429 시카 비비 쿠션 SPF 50+ PA+++,https://www.oliveyoung.co.kr/store/goods/getGoodsDetail.do?goodsNo=A000000142289&dispCatNo=1000001000200010009&trackingCd&curation&egcode&rccode&egrankcode
에이프릴스킨 퍼펙트 매직 커버핏 쿠션 (본품+리필 증정),https://www.oliveyoung.co.kr/store/goods/getGoodsDetail.do?goodsNo=A000000141238&dispCatNo=1000001000200010009&trackingCd&curation&egcode&rccode&egrankcode
에뛰드 더블래스팅 쿠션 커버,https://www.oliveyoung.co.kr/store/goods/getGoodsDetail.do?goodsNo=A000000140527&dispCatNo=1000001000200010009&trackingCd&curation&egcode&rccode&egrankcode
3CE 글로우 쿠션(본품+리필),https://www.oliveyoung.co.kr/store/goods/getGoodsDetail.do?goodsNo=A000000139432&dispCatNo=1000001000200010009&trackingCd&curation&egcode&rccode&egrankcode
3CE 소프트 매트 핏 쿠션(본품+리필),https://www.oliveyoung.co.kr/store/goods/getGoodsDetail.do?goodsNo=A000000139431&dispCatNo=1000001000200010009&trackingCd&curation&egcode&rccode&egrankcode
정샘물 에센셜 스킨 누더 쿠션 (단품/한정기획),https://www.oliveyoung.co.kr/store/goods/getGoodsDetail.do?goodsNo=A000000139063&dispCatNo=1000001000200010009&trackingCd&curation&egcode&rccode&egrankcode
정샘물 에센셜 스킨 누더 롱웨어 쿠션 (본품+리필 증정),https://www.oliveyoung.co.kr/store/goods/getGoodsDetail.do?goodsNo=A000000139022&dispCatNo=1000001000200010009&trackingCd&curation&egcode&rccode&egrankcode
메이크프렘 베이스 미 틴티드 글로우 쿠션,https://www.oliveyoung.co.kr/store/goods/getGoodsDetail.do?goodsNo=A000000138926&dispCatNo=1000001000200010009&trackingCd&curation&egcode&rccode&egrankcode
릴리바이레드 코튼 블러 쿠션,https://www.oliveyoung.co.kr/store/goods/getGoodsDetail.do?goodsNo=A000000137969&dispCatNo=1000001000200010009&trackingCd&curation&egcode&rccode&egrankcode
라카 소프트 라이팅 커버 쿠션,https://www.oliveyoung.co.kr/store/goods/getGoodsDetail.do?goodsNo=A000000137881&dispCatNo=1000001000200010009&trackingCd&curation&egcode&rccode&egrankcode
루나 롱래스팅 컨실웨어 쿠션 (리필증정),https://www.oliveyoung.co.kr/store/goods/getGoodsDetail.do?goodsNo=A000000137573&dispCatNo=1000001000200010009&trackingCd&curation&egcode&rccode&egrankcode
아임미미 워터 테라피 카밍 쿠션,https://www.oliveyoung.co.kr/store/goods/getGoodsDetail.do?goodsNo=A000000137515&dispCatNo=1000001000200010009&trackingCd&curation&egcode&rccode&egrankcode
에스티 로더 더블웨어 소프트 글로우 매트 쿠션 메이크업 SPF45 PA+++,https://www.oliveyoung.co.kr/store/goods/getGoodsDetail.do?goodsNo=A000000136533&dispCatNo=1000001000200010009&trackingCd&curation&egcode&rccode&egrankcode
지베르니 밀착 아우라 쿠션 (본품+리필),https://www.oliveyoung.co.kr/store/goods/getGoodsDetail.do?goodsNo=A000000135992&dispCatNo=1000001000200010009&trackingCd&curation&egcode&rccode&egrankcode
지베르니 밀착 매트핏 쿠션 기획 (본품+리필),https://www.oliveyoung.co.kr/store/goods/getGoodsDetail.do?goodsNo=A000000135379&dispCatNo=1000001000200010009&trackingCd&curation&egcode&rccode&egrankcode
입큰 뉴이스트 허니 코팅 쿠션,https://www.oliveyoung.co.kr/store/goods/getGoodsDetail.do?goodsNo=A000000132559&dispCatNo=1000001000200010009&trackingCd&curation&egcode&rccode&egrankcode
다슈 맨즈 아쿠아 매트 비비 쿠션 11g,https://www.oliveyoung.co.kr/store/goods/getGoodsDetail.do?goodsNo=A000000131803&dispCatNo=1000001000200010009&trackingCd&curation&egcode&rccode&egrankcode
홀리카홀리카 하드커버 퍼펙 쿠션 EX (본품+리필),https://www.oliveyoung.co.kr/store/goods/getGoodsDetail.do?goodsNo=A000000131647&dispCatNo=1000001000200010009&trackingCd&curation&egcode&rccode&egrankcode
홀리카홀리카 하드커버 퍼펙 쿠션 단품 (태닝에디션),https://www.oliveyoung.co.kr/store/goods/getGoodsDetail.do?goodsNo=A000000131644&dispCatNo=1000001000200010009&trackingCd&curation&egcode&rccode&egrankcode
홀리카홀리카 하드커버 글로우 쿠션EX리필기획,https://www.oliveyoung.co.kr/store/goods/getGoodsDetail.do?goodsNo=A000000131582&dispCatNo=1000001000200010009&trackingCd&curation&egcode&rccode&egrankcode
[단독기획] 제니하우스 뉴 울트라핏 세럼 쿠션 (본품+리필+퍼프 증정),https://www.oliveyoung.co.kr/store/goods/getGoodsDetail.do?goodsNo=A000000131411&dispCatNo=1000001000200010009&trackingCd&curation&egcode&rccode&egrankcode
라끌랑 내츄럴 커버 옴므쿠션 4종 택1,https://www.oliveyoung.co.kr/store/goods/getGoodsDetail.do?goodsNo=A000000130814&dispCatNo=1000001000200010009&trackingCd&curation&egcode&rccode&egrankcode
라끌랑 슈퍼쉴드 옴므쿠션 3종 택1,https://www.oliveyoung.co.kr/store/goods/getGoodsDetail.do?goodsNo=A000000130798&dispCatNo=1000001000200010009&trackingCd&curation&egcode&rccode&egrankcode
[단독기획] AHC 퍼펙트 크림 커버 쿠션 기획,https://www.oliveyoung.co.kr/store/goods/getGoodsDetail.do?goodsNo=A000000129021&dispCatNo=1000001000200010009&trackingCd&curation&egcode&rccode&egrankcode
[단독기획] AHC 퍼펙트 히아 세럼 쿠션 (본품+세럼 증정),https://www.oliveyoung.co.kr/store/goods/getGoodsDetail.do?goodsNo=A000000129020&dispCatNo=1000001000200010009&trackingCd&curation&egcode&rccode&egrankcode
닥터자르트 시카페어 세럼 인 쿠션 파운데이션 (시카 쿠션 리필 증정),https://www.oliveyoung.co.kr/store/goods/getGoodsDetail.do?goodsNo=A000000128360&dispCatNo=1000001000200010009&trackingCd&curation&egcode&rccode&egrankcode
에스티 로더 더블웨어 하이드라 쿠션 SPF50/PA++++,https://www.oliveyoung.co.kr/store/goods/getGoodsDetail.do?goodsNo=A000000125034&dispCatNo=1000001000200010009&trackingCd&curation&egcode&rccode&egrankcode
에스티 로더 더블웨어 쿠션 골드라벨 SPF50/PA++++,https://www.oliveyoung.co.kr/store/goods/getGoodsDetail.do?goodsNo=A000000125032&dispCatNo=1000001000200010009&trackingCd&curation&egcode&rccode&egrankcode
에스쁘아 테이핑커버쿠션 기획세트(본품+리필),https://www.oliveyoung.co.kr/store/goods/getGoodsDetail.do?goodsNo=A000000124641&dispCatNo=1000001000200010009&trackingCd&curation&egcode&rccode&egrankcode
MAC 라이트풀 C + 코랄 그라스 SPF 50/PA++++ 퀵 피니시 쿠션 컴팩트 (본품+리필 증정),https://www.oliveyoung.co.kr/store/goods/getGoodsDetail.do?goodsNo=A000000123986&dispCatNo=1000001000200010009&trackingCd&curation&egcode&rccode&egrankcode
에스티 로더 퓨처리스트 쿠션 SPF40/PA++++,https://www.oliveyoung.co.kr/store/goods/getGoodsDetail.do?goodsNo=A000000123955&dispCatNo=1000001000200010009&trackingCd&curation&egcode&rccode&egrankcode
MAC 스튜디오 퍼펙트 SPF 50/PA++ 하이드레이팅 쿠션 컴팩트 (케이스+리필 2종),https://www.oliveyoung.co.kr/store/goods/getGoodsDetail.do?goodsNo=A000000123950&dispCatNo=1000001000200010009&trackingCd&curation&egcode&rccode&egrankcode
투쿨포스쿨 픽싱 커버 쿠션 (본품+리필),https://www.oliveyoung.co.kr/store/goods/getGoodsDetail.do?goodsNo=A000000123005&dispCatNo=1000001000200010009&trackingCd&curation&egcode&rccode&egrankcode
입큰 퍼퓸 파운 쿠션 5G,https://www.oliveyoung.co.kr/store/goods/getGoodsDetail.do?goodsNo=A000000122435&dispCatNo=1000001000200010009&trackingCd&curation&egcode&rccode&egrankcode
에이프릴스킨 매직스노우 쿠션 블랙 3.0 (본품+리필 증정),https://www.oliveyoung.co.kr/store/goods/getGoodsDetail.do?goodsNo=A000000115192&dispCatNo=1000001000200010009&trackingCd&curation&egcode&rccode&egrankcode
차앤박 프로폴리스 앰플 인 쿠션 기획(본품+리필),https://www.oliveyoung.co.kr/store/goods/getGoodsDetail.do?goodsNo=A000000110854&dispCatNo=1000001000200010009&trackingCd&curation&egcode&rccode&egrankcode
